id,dusun,rw,rt,nama_desa,nama_kecamatan,nama_kabupaten,nama_provinsi
wilayah-1,Dusun Krajan,01,01,Desa Sukamaju,Kecamatan Sukajaya,Kabupaten Bogor,Jawa Barat
wilayah-2,Dusun Krajan,01,02,Desa Sukamaju,Kecamatan Sukajaya,Kabupaten Bogor,Jawa Barat
wilayah-3,Dusun Krajan,01,03,Desa Sukamaju,Kecamatan Sukajaya,Kabupaten Bogor,Jawa Barat
wilayah-4,Dusun Krajan,01,04,Desa Sukamaju,Kecamatan Sukajaya,Kabupaten Bogor,Jawa Barat
wilayah-5,Dusun Krajan,01,05,Desa Sukamaju,Kecamatan Sukajaya,Kabupaten Bogor,Jawa Barat
wilayah-6,Dusun Krajan,01,06,Desa Sukamaju,Kecamatan Sukajaya,Kabupaten Bogor,Jawa Barat
wilayah-7,Dusun Krajan,01,07,Desa Sukamaju,Kecamatan Sukajaya,Kabupaten Bogor,Jawa Barat
wilayah-8,Dusun Krajan,01,08,Desa Sukamaju,Kecamatan Sukajaya,Kabupaten Bogor,Jawa Barat
wilayah-9,Dusun Krajan,02,01,Desa Sukamaju,Kecamatan Sukajaya,Kabupaten Bogor,Jawa Barat
wilayah-10,Dusun Krajan,02,02,Desa Sukamaju,Kecamatan Sukajaya,Kabupaten Bogor,Jawa Barat
wilayah-11,Dusun Krajan,02,03,Desa Sukamaju,Kecamatan Sukajaya,Kabupaten Bogor,Jawa Barat
wilayah-12,Dusun Krajan,02,04,Desa Sukamaju,Kecamatan Sukajaya,Kabupaten Bogor,Jawa Barat
wilayah-13,Dusun Krajan,02,05,Desa Sukamaju,Kecamatan Sukajaya,Kabupaten Bogor,Jawa Barat
wilayah-14,Dusun Krajan,02,06,Desa Sukamaju,Kecamatan Sukajaya,Kabupaten Bogor,Jawa Barat
wilayah-15,Dusun Krajan,02,07,Desa Sukamaju,Kecamatan Sukajaya,Kabupaten Bogor,Jawa Barat
wilayah-16,Dusun Krajan,02,08,Desa Sukamaju,Kecamatan Sukajaya,Kabupaten Bogor,Jawa Barat
wilayah-17,Dusun Krajan,03,01,Desa Sukamaju,Kecamatan Sukajaya,Kabupaten Bogor,Jawa Barat
wilayah-18,Dusun Krajan,03,02,Desa Sukamaju,Kecamatan Sukajaya,Kabupaten Bogor,Jawa Barat
wilayah-19,Dusun Krajan,03,03,Desa Sukamaju,Kecamatan Sukajaya,Kabupaten Bogor,Jawa Barat
wilayah-20,Dusun Krajan,03,04,Desa Sukamaju,Kecamatan Sukajaya,Kabupaten Bogor,Jawa Barat
wilayah-21,Dusun Krajan,03,05,Desa Sukamaju,Kecamatan Sukajaya,Kabupaten Bogor,Jawa Barat
wilayah-22,Dusun Krajan,03,06,Desa Sukamaju,Kecamatan Sukajaya,Kabupaten Bogor,Jawa Barat
wilayah-23,Dusun Krajan,03,07,Desa Sukamaju,Kecamatan Sukajaya,Kabupaten Bogor,Jawa Barat
wilayah-24,Dusun Krajan,03,08,Desa Sukamaju,Kecamatan Sukajaya,Kabupaten Bogor,Jawa Barat
wilayah-25,Dusun Krajan,04,01,Desa Sukamaju,Kecamatan Sukajaya,Kabupaten Bogor,Jawa Barat
wilayah-26,Dusun Krajan,04,02,Desa Sukamaju,Kecamatan Sukajaya,Kabupaten Bogor,Jawa Barat
wilayah-27,Dusun Krajan,04,03,Desa Sukamaju,Kecamatan Sukajaya,Kabupaten Bogor,Jawa Barat
wilayah-28,Dusun Krajan,04,04,Desa Sukamaju,Kecamatan Sukajaya,Kabupaten Bogor,Jawa Barat
wilayah-29,Dusun Krajan,04,05,Desa Sukamaju,Kecamatan Sukajaya,Kabupaten Bogor,Jawa Barat
wilayah-30,Dusun Krajan,04,06,Desa Sukamaju,Kecamatan Sukajaya,Kabupaten Bogor,Jawa Barat
wilayah-31,Dusun Krajan,04,07,Desa Sukamaju,Kecamatan Sukajaya,Kabupaten Bogor,Jawa Barat
wilayah-32,Dusun Krajan,04,08,Desa Sukamaju,Kecamatan Sukajaya,Kabupaten Bogor,Jawa Barat
wilayah-33,Dusun Krajan,05,01,Desa Sukamaju,Kecamatan Sukajaya,Kabupaten Bogor,Jawa Barat
wilayah-34,Dusun Krajan,05,02,Desa Sukamaju,Kecamatan Sukajaya,Kabupaten Bogor,Jawa Barat
wilayah-35,Dusun Krajan,05,03,Desa Sukamaju,Kecamatan Sukajaya,Kabupaten Bogor,Jawa Barat
wilayah-36,Dusun Krajan,05,04,Desa Sukamaju,Kecamatan Sukajaya,Kabupaten Bogor,Jawa Barat
wilayah-37,Dusun Krajan,05,05,Desa Sukamaju,Kecamatan Sukajaya,Kabupaten Bogor,Jawa Barat
wilayah-38,Dusun Krajan,05,06,Desa Sukamaju,Kecamatan Sukajaya,Kabupaten Bogor,Jawa Barat
wilayah-39,Dusun Krajan,05,07,Desa Sukamaju,Kecamatan Sukajaya,Kabupaten Bogor,Jawa Barat
wilayah-40,Dusun Krajan,05,08,Desa Sukamaju,Kecamatan Sukajaya,Kabupaten Bogor,Jawa Barat
wilayah-41,Dusun Sumber,01,01,Desa Sukamaju,Kecamatan Sukajaya,Kabupaten Bogor,Jawa Barat
wilayah-42,Dusun Sumber,01,02,Desa Sukamaju,Kecamatan Sukajaya,Kabupaten Bogor,Jawa Barat
wilayah-43,Dusun Sumber,01,03,Desa Sukamaju,Kecamatan Sukajaya,Kabupaten Bogor,Jawa Barat
wilayah-44,Dusun Sumber,01,04,Desa Sukamaju,Kecamatan Sukajaya,Kabupaten Bogor,Jawa Barat
wilayah-45,Dusun Sumber,01,05,Desa Sukamaju,Kecamatan Sukajaya,Kabupaten Bogor,Jawa Barat
wilayah-46,Dusun Sumber,01,06,Desa Sukamaju,Kecamatan Sukajaya,Kabupaten Bogor,Jawa Barat
wilayah-47,Dusun Sumber,01,07,Desa Sukamaju,Kecamatan Sukajaya,Kabupaten Bogor,Jawa Barat
wilayah-48,Dusun Sumber,01,08,Desa Sukamaju,Kecamatan Sukajaya,Kabupaten Bogor,Jawa Barat
wilayah-49,Dusun Sumber,02,01,Desa Sukamaju,Kecamatan Sukajaya,Kabupaten Bogor,Jawa Barat
wilayah-50,Dusun Sumber,02,02,Desa Sukamaju,Kecamatan Sukajaya,Kabupaten Bogor,Jawa Barat
wilayah-51,Dusun Sumber,02,03,Desa Sukamaju,Kecamatan Sukajaya,Kabupaten Bogor,Jawa Barat
wilayah-52,Dusun Sumber,02,04,Desa Sukamaju,Kecamatan Sukajaya,Kabupaten Bogor,Jawa Barat
wilayah-53,Dusun Sumber,02,05,Desa Sukamaju,Kecamatan Sukajaya,Kabupaten Bogor,Jawa Barat
wilayah-54,Dusun Sumber,02,06,Desa Sukamaju,Kecamatan Sukajaya,Kabupaten Bogor,Jawa Barat
wilayah-55,Dusun Sumber,02,07,Desa Sukamaju,Kecamatan Sukajaya,Kabupaten Bogor,Jawa Barat
wilayah-56,Dusun Sumber,02,08,Desa Sukamaju,Kecamatan Sukajaya,Kabupaten Bogor,Jawa Barat
wilayah-57,Dusun Sumber,03,01,Desa Sukamaju,Kecamatan Sukajaya,Kabupaten Bogor,Jawa Barat
wilayah-58,Dusun Sumber,03,02,Desa Sukamaju,Kecamatan Sukajaya,Kabupaten Bogor,Jawa Barat
wilayah-59,Dusun Sumber,03,03,Desa Sukamaju,Kecamatan Sukajaya,Kabupaten Bogor,Jawa Barat
wilayah-60,Dusun Sumber,03,04,Desa Sukamaju,Kecamatan Sukajaya,Kabupaten Bogor,Jawa Barat
wilayah-61,Dusun Sumber,03,05,Desa Sukamaju,Kecamatan Sukajaya,Kabupaten Bogor,Jawa Barat
wilayah-62,Dusun Sumber,03,06,Desa Sukamaju,Kecamatan Sukajaya,Kabupaten Bogor,Jawa Barat
wilayah-63,Dusun Sumber,03,07,Desa Sukamaju,Kecamatan Sukajaya,Kabupaten Bogor,Jawa Barat
wilayah-64,Dusun Sumber,03,08,Desa Sukamaju,Kecamatan Sukajaya,Kabupaten Bogor,Jawa Barat
wilayah-65,Dusun Sumber,04,01,Desa Sukamaju,Kecamatan Sukajaya,Kabupaten Bogor,Jawa Barat
wilayah-66,Dusun Sumber,04,02,Desa Sukamaju,Kecamatan Sukajaya,Kabupaten Bogor,Jawa Barat
wilayah-67,Dusun Sumber,04,03,Desa Sukamaju,Kecamatan Sukajaya,Kabupaten Bogor,Jawa Barat
wilayah-68,Dusun Sumber,04,04,Desa Sukamaju,Kecamatan Sukajaya,Kabupaten Bogor,Jawa Barat
wilayah-69,Dusun Sumber,04,05,Desa Sukamaju,Kecamatan Sukajaya,Kabupaten Bogor,Jawa Barat
wilayah-70,Dusun Sumber,04,06,Desa Sukamaju,Kecamatan Sukajaya,Kabupaten Bogor,Jawa Barat
wilayah-71,Dusun Sumber,04,07,Desa Sukamaju,Kecamatan Sukajaya,Kabupaten Bogor,Jawa Barat
wilayah-72,Dusun Sumber,04,08,Desa Sukamaju,Kecamatan Sukajaya,Kabupaten Bogor,Jawa Barat
wilayah-73,Dusun Sumber,05,01,Desa Sukamaju,Kecamatan Sukajaya,Kabupaten Bogor,Jawa Barat
wilayah-74,Dusun Sumber,05,02,Desa Sukamaju,Kecamatan Sukajaya,Kabupaten Bogor,Jawa Barat
wilayah-75,Dusun Sumber,05,03,Desa Sukamaju,Kecamatan Sukajaya,Kabupaten Bogor,Jawa Barat
wilayah-76,Dusun Sumber,05,04,Desa Sukamaju,Kecamatan Sukajaya,Kabupaten Bogor,Jawa Barat
wilayah-77,Dusun Sumber,05,05,Desa Sukamaju,Kecamatan Sukajaya,Kabupaten Bogor,Jawa Barat
wilayah-78,Dusun Sumber,05,06,Desa Sukamaju,Kecamatan Sukajaya,Kabupaten Bogor,Jawa Barat
wilayah-79,Dusun Sumber,05,07,Desa Sukamaju,Kecamatan Sukajaya,Kabupaten Bogor,Jawa Barat
wilayah-80,Dusun Sumber,05,08,Desa Sukamaju,Kecamatan Sukajaya,Kabupaten Bogor,Jawa Barat
wilayah-81,Dusun Pasar,01,01,Desa Sukamaju,Kecamatan Sukajaya,Kabupaten Bogor,Jawa Barat
wilayah-82,Dusun Pasar,01,02,Desa Sukamaju,Kecamatan Sukajaya,Kabupaten Bogor,Jawa Barat
wilayah-83,Dusun Pasar,01,03,Desa Sukamaju,Kecamatan Sukajaya,Kabupaten Bogor,Jawa Barat
wilayah-84,Dusun Pasar,01,04,Desa Sukamaju,Kecamatan Sukajaya,Kabupaten Bogor,Jawa Barat
wilayah-85,Dusun Pasar,01,05,Desa Sukamaju,Kecamatan Sukajaya,Kabupaten Bogor,Jawa Barat
wilayah-86,Dusun Pasar,01,06,Desa Sukamaju,Kecamatan Sukajaya,Kabupaten Bogor,Jawa Barat
wilayah-87,Dusun Pasar,01,07,Desa Sukamaju,Kecamatan Sukajaya,Kabupaten Bogor,Jawa Barat
wilayah-88,Dusun Pasar,01,08,Desa Sukamaju,Kecamatan Sukajaya,Kabupaten Bogor,Jawa Barat
wilayah-89,Dusun Pasar,02,01,Desa Sukamaju,Kecamatan Sukajaya,Kabupaten Bogor,Jawa Barat
wilayah-90,Dusun Pasar,02,02,Desa Sukamaju,Kecamatan Sukajaya,Kabupaten Bogor,Jawa Barat
wilayah-91,Dusun Pasar,02,03,Desa Sukamaju,Kecamatan Sukajaya,Kabupaten Bogor,Jawa Barat
wilayah-92,Dusun Pasar,02,04,Desa Sukamaju,Kecamatan Sukajaya,Kabupaten Bogor,Jawa Barat
wilayah-93,Dusun Pasar,02,05,Desa Sukamaju,Kecamatan Sukajaya,Kabupaten Bogor,Jawa Barat
wilayah-94,Dusun Pasar,02,06,Desa Sukamaju,Kecamatan Sukajaya,Kabupaten Bogor,Jawa Barat
wilayah-95,Dusun Pasar,02,07,Desa Sukamaju,Kecamatan Sukajaya,Kabupaten Bogor,Jawa Barat
wilayah-96,Dusun Pasar,02,08,Desa Sukamaju,Kecamatan Sukajaya,Kabupaten Bogor,Jawa Barat
wilayah-97,Dusun Pasar,03,01,Desa Sukamaju,Kecamatan Sukajaya,Kabupaten Bogor,Jawa Barat
wilayah-98,Dusun Pasar,03,02,Desa Sukamaju,Kecamatan Sukajaya,Kabupaten Bogor,Jawa Barat
wilayah-99,Dusun Pasar,03,03,Desa Sukamaju,Kecamatan Sukajaya,Kabupaten Bogor,Jawa Barat
wilayah-100,Dusun Pasar,03,04,Desa Sukamaju,Kecamatan Sukajaya,Kabupaten Bogor,Jawa Barat
wilayah-101,Dusun Pasar,03,05,Desa Sukamaju,Kecamatan Sukajaya,Kabupaten Bogor,Jawa Barat
wilayah-102,Dusun Pasar,03,06,Desa Sukamaju,Kecamatan Sukajaya,Kabupaten Bogor,Jawa Barat
wilayah-103,Dusun Pasar,03,07,Desa Sukamaju,Kecamatan Sukajaya,Kabupaten Bogor,Jawa Barat
wilayah-104,Dusun Pasar,03,08,Desa Sukamaju,Kecamatan Sukajaya,Kabupaten Bogor,Jawa Barat
wilayah-105,Dusun Pasar,04,01,Desa Sukamaju,Kecamatan Sukajaya,Kabupaten Bogor,Jawa Barat
wilayah-106,Dusun Pasar,04,02,Desa Sukamaju,Kecamatan Sukajaya,Kabupaten Bogor,Jawa Barat
wilayah-107,Dusun Pasar,04,03,Desa Sukamaju,Kecamatan Sukajaya,Kabupaten Bogor,Jawa Barat
wilayah-108,Dusun Pasar,04,04,Desa Sukamaju,Kecamatan Sukajaya,Kabupaten Bogor,Jawa Barat
wilayah-109,Dusun Pasar,04,05,Desa Sukamaju,Kecamatan Sukajaya,Kabupaten Bogor,Jawa Barat
wilayah-110,Dusun Pasar,04,06,Desa Sukamaju,Kecamatan Sukajaya,Kabupaten Bogor,Jawa Barat
wilayah-111,Dusun Pasar,04,07,Desa Sukamaju,Kecamatan Sukajaya,Kabupaten Bogor,Jawa Barat
wilayah-112,Dusun Pasar,04,08,Desa Sukamaju,Kecamatan Sukajaya,Kabupaten Bogor,Jawa Barat
wilayah-113,Dusun Pasar,05,01,Desa Sukamaju,Kecamatan Sukajaya,Kabupaten Bogor,Jawa Barat
wilayah-114,Dusun Pasar,05,02,Desa Sukamaju,Kecamatan Sukajaya,Kabupaten Bogor,Jawa Barat
wilayah-115,Dusun Pasar,05,03,Desa Sukamaju,Kecamatan Sukajaya,Kabupaten Bogor,Jawa Barat
wilayah-116,Dusun Pasar,05,04,Desa Sukamaju,Kecamatan Sukajaya,Kabupaten Bogor,Jawa Barat
wilayah-117,Dusun Pasar,05,05,Desa Sukamaju,Kecamatan Sukajaya,Kabupaten Bogor,Jawa Barat
wilayah-118,Dusun Pasar,05,06,Desa Sukamaju,Kecamatan Sukajaya,Kabupaten Bogor,Jawa Barat
wilayah-119,Dusun Pasar,05,07,Desa Sukamaju,Kecamatan Sukajaya,Kabupaten Bogor,Jawa Barat
wilayah-120,Dusun Pasar,05,08,Desa Sukamaju,Kecamatan Sukajaya,Kabupaten Bogor,Jawa Barat
wilayah-121,Dusun Kebon,01,01,Desa Sukamaju,Kecamatan Sukajaya,Kabupaten Bogor,Jawa Barat
wilayah-122,Dusun Kebon,01,02,Desa Sukamaju,Kecamatan Sukajaya,Kabupaten Bogor,Jawa Barat
wilayah-123,Dusun Kebon,01,03,Desa Sukamaju,Kecamatan Sukajaya,Kabupaten Bogor,Jawa Barat
wilayah-124,Dusun Kebon,01,04,Desa Sukamaju,Kecamatan Sukajaya,Kabupaten Bogor,Jawa Barat
wilayah-125,Dusun Kebon,01,05,Desa Sukamaju,Kecamatan Sukajaya,Kabupaten Bogor,Jawa Barat
wilayah-126,Dusun Kebon,01,06,Desa Sukamaju,Kecamatan Sukajaya,Kabupaten Bogor,Jawa Barat
wilayah-127,Dusun Kebon,01,07,Desa Sukamaju,Kecamatan Sukajaya,Kabupaten Bogor,Jawa Barat
wilayah-128,Dusun Kebon,01,08,Desa Sukamaju,Kecamatan Sukajaya,Kabupaten Bogor,Jawa Barat
wilayah-129,Dusun Kebon,02,01,Desa Sukamaju,Kecamatan Sukajaya,Kabupaten Bogor,Jawa Barat
wilayah-130,Dusun Kebon,02,02,Desa Sukamaju,Kecamatan Sukajaya,Kabupaten Bogor,Jawa Barat
wilayah-131,Dusun Kebon,02,03,Desa Sukamaju,Kecamatan Sukajaya,Kabupaten Bogor,Jawa Barat
wilayah-132,Dusun Kebon,02,04,Desa Sukamaju,Kecamatan Sukajaya,Kabupaten Bogor,Jawa Barat
wilayah-133,Dusun Kebon,02,05,Desa Sukamaju,Kecamatan Sukajaya,Kabupaten Bogor,Jawa Barat
wilayah-134,Dusun Kebon,02,06,Desa Sukamaju,Kecamatan Sukajaya,Kabupaten Bogor,Jawa Barat
wilayah-135,Dusun Kebon,02,07,Desa Sukamaju,Kecamatan Sukajaya,Kabupaten Bogor,Jawa Barat
wilayah-136,Dusun Kebon,02,08,Desa Sukamaju,Kecamatan Sukajaya,Kabupaten Bogor,Jawa Barat
wilayah-137,Dusun Kebon,03,01,Desa Sukamaju,Kecamatan Sukajaya,Kabupaten Bogor,Jawa Barat
wilayah-138,Dusun Kebon,03,02,Desa Sukamaju,Kecamatan Sukajaya,Kabupaten Bogor,Jawa Barat
wilayah-139,Dusun Kebon,03,03,Desa Sukamaju,Kecamatan Sukajaya,Kabupaten Bogor,Jawa Barat
wilayah-140,Dusun Kebon,03,04,Desa Sukamaju,Kecamatan Sukajaya,Kabupaten Bogor,Jawa Barat
wilayah-141,Dusun Kebon,03,05,Desa Sukamaju,Kecamatan Sukajaya,Kabupaten Bogor,Jawa Barat
wilayah-142,Dusun Kebon,03,06,Desa Sukamaju,Kecamatan Sukajaya,Kabupaten Bogor,Jawa Barat
wilayah-143,Dusun Kebon,03,07,Desa Sukamaju,Kecamatan Sukajaya,Kabupaten Bogor,Jawa Barat
wilayah-144,Dusun Kebon,03,08,Desa Sukamaju,Kecamatan Sukajaya,Kabupaten Bogor,Jawa Barat
wilayah-145,Dusun Kebon,04,01,Desa Sukamaju,Kecamatan Sukajaya,Kabupaten Bogor,Jawa Barat
wilayah-146,Dusun Kebon,04,02,Desa Sukamaju,Kecamatan Sukajaya,Kabupaten Bogor,Jawa Barat
wilayah-147,Dusun Kebon,04,03,Desa Sukamaju,Kecamatan Sukajaya,Kabupaten Bogor,Jawa Barat
wilayah-148,Dusun Kebon,04,04,Desa Sukamaju,Kecamatan Sukajaya,Kabupaten Bogor,Jawa Barat
wilayah-149,Dusun Kebon,04,05,Desa Sukamaju,Kecamatan Sukajaya,Kabupaten Bogor,Jawa Barat
wilayah-150,Dusun Kebon,04,06,Desa Sukamaju,Kecamatan Sukajaya,Kabupaten Bogor,Jawa Barat
wilayah-151,Dusun Kebon,04,07,Desa Sukamaju,Kecamatan Sukajaya,Kabupaten Bogor,Jawa Barat
wilayah-152,Dusun Kebon,04,08,Desa Sukamaju,Kecamatan Sukajaya,Kabupaten Bogor,Jawa Barat
wilayah-153,Dusun Kebon,05,01,Desa Sukamaju,Kecamatan Sukajaya,Kabupaten Bogor,Jawa Barat
wilayah-154,Dusun Kebon,05,02,Desa Sukamaju,Kecamatan Sukajaya,Kabupaten Bogor,Jawa Barat
wilayah-155,Dusun Kebon,05,03,Desa Sukamaju,Kecamatan Sukajaya,Kabupaten Bogor,Jawa Barat
wilayah-156,Dusun Kebon,05,04,Desa Sukamaju,Kecamatan Sukajaya,Kabupaten Bogor,Jawa Barat
wilayah-157,Dusun Kebon,05,05,Desa Sukamaju,Kecamatan Sukajaya,Kabupaten Bogor,Jawa Barat
wilayah-158,Dusun Kebon,05,06,Desa Sukamaju,Kecamatan Sukajaya,Kabupaten Bogor,Jawa Barat
wilayah-159,Dusun Kebon,05,07,Desa Sukamaju,Kecamatan Sukajaya,Kabupaten Bogor,Jawa Barat
wilayah-160,Dusun Kebon,05,08,Desa Sukamaju,Kecamatan Sukajaya,Kabupaten Bogor,Jawa Barat
wilayah-161,Dusun Sawah,01,01,Desa Sukamaju,Kecamatan Sukajaya,Kabupaten Bogor,Jawa Barat
wilayah-162,Dusun Sawah,01,02,Desa Sukamaju,Kecamatan Sukajaya,Kabupaten Bogor,Jawa Barat
wilayah-163,Dusun Sawah,01,03,Desa Sukamaju,Kecamatan Sukajaya,Kabupaten Bogor,Jawa Barat
wilayah-164,Dusun Sawah,01,04,Desa Sukamaju,Kecamatan Sukajaya,Kabupaten Bogor,Jawa Barat
wilayah-165,Dusun Sawah,01,05,Desa Sukamaju,Kecamatan Sukajaya,Kabupaten Bogor,Jawa Barat
wilayah-166,Dusun Sawah,01,06,Desa Sukamaju,Kecamatan Sukajaya,Kabupaten Bogor,Jawa Barat
wilayah-167,Dusun Sawah,01,07,Desa Sukamaju,Kecamatan Sukajaya,Kabupaten Bogor,Jawa Barat
wilayah-168,Dusun Sawah,01,08,Desa Sukamaju,Kecamatan Sukajaya,Kabupaten Bogor,Jawa Barat
wilayah-169,Dusun Sawah,02,01,Desa Sukamaju,Kecamatan Sukajaya,Kabupaten Bogor,Jawa Barat
wilayah-170,Dusun Sawah,02,02,Desa Sukamaju,Kecamatan Sukajaya,Kabupaten Bogor,Jawa Barat
wilayah-171,Dusun Sawah,02,03,Desa Sukamaju,Kecamatan Sukajaya,Kabupaten Bogor,Jawa Barat
wilayah-172,Dusun Sawah,02,04,Desa Sukamaju,Kecamatan Sukajaya,Kabupaten Bogor,Jawa Barat
wilayah-173,Dusun Sawah,02,05,Desa Sukamaju,Kecamatan Sukajaya,Kabupaten Bogor,Jawa Barat
wilayah-174,Dusun Sawah,02,06,Desa Sukamaju,Kecamatan Sukajaya,Kabupaten Bogor,Jawa Barat
wilayah-175,Dusun Sawah,02,07,Desa Sukamaju,Kecamatan Sukajaya,Kabupaten Bogor,Jawa Barat
wilayah-176,Dusun Sawah,02,08,Desa Sukamaju,Kecamatan Sukajaya,Kabupaten Bogor,Jawa Barat
wilayah-177,Dusun Sawah,03,01,Desa Sukamaju,Kecamatan Sukajaya,Kabupaten Bogor,Jawa Barat
wilayah-178,Dusun Sawah,03,02,Desa Sukamaju,Kecamatan Sukajaya,Kabupaten Bogor,Jawa Barat
wilayah-179,Dusun Sawah,03,03,Desa Sukamaju,Kecamatan Sukajaya,Kabupaten Bogor,Jawa Barat
wilayah-180,Dusun Sawah,03,04,Desa Sukamaju,Kecamatan Sukajaya,Kabupaten Bogor,Jawa Barat
wilayah-181,Dusun Sawah,03,05,Desa Sukamaju,Kecamatan Sukajaya,Kabupaten Bogor,Jawa Barat
wilayah-182,Dusun Sawah,03,06,Desa Sukamaju,Kecamatan Sukajaya,Kabupaten Bogor,Jawa Barat
wilayah-183,Dusun Sawah,03,07,Desa Sukamaju,Kecamatan Sukajaya,Kabupaten Bogor,Jawa Barat
wilayah-184,Dusun Sawah,03,08,Desa Sukamaju,Kecamatan Sukajaya,Kabupaten Bogor,Jawa Barat
wilayah-185,Dusun Sawah,04,01,Desa Sukamaju,Kecamatan Sukajaya,Kabupaten Bogor,Jawa Barat
wilayah-186,Dusun Sawah,04,02,Desa Sukamaju,Kecamatan Sukajaya,Kabupaten Bogor,Jawa Barat
wilayah-187,Dusun Sawah,04,03,Desa Sukamaju,Kecamatan Sukajaya,Kabupaten Bogor,Jawa Barat
wilayah-188,Dusun Sawah,04,04,Desa Sukamaju,Kecamatan Sukajaya,Kabupaten Bogor,Jawa Barat
wilayah-189,Dusun Sawah,04,05,Desa Sukamaju,Kecamatan Sukajaya,Kabupaten Bogor,Jawa Barat
wilayah-190,Dusun Sawah,04,06,Desa Sukamaju,Kecamatan Sukajaya,Kabupaten Bogor,Jawa Barat
wilayah-191,Dusun Sawah,04,07,Desa Sukamaju,Kecamatan Sukajaya,Kabupaten Bogor,Jawa Barat
wilayah-192,Dusun Sawah,04,08,Desa Sukamaju,Kecamatan Sukajaya,Kabupaten Bogor,Jawa Barat
wilayah-193,Dusun Sawah,05,01,Desa Sukamaju,Kecamatan Sukajaya,Kabupaten Bogor,Jawa Barat
wilayah-194,Dusun Sawah,05,02,Desa Sukamaju,Kecamatan Sukajaya,Kabupaten Bogor,Jawa Barat
wilayah-195,Dusun Sawah,05,03,Desa Sukamaju,Kecamatan Sukajaya,Kabupaten Bogor,Jawa Barat
wilayah-196,Dusun Sawah,05,04,Desa Sukamaju,Kecamatan Sukajaya,Kabupaten Bogor,Jawa Barat
wilayah-197,Dusun Sawah,05,05,Desa Sukamaju,Kecamatan Sukajaya,Kabupaten Bogor,Jawa Barat
wilayah-198,Dusun Sawah,05,06,Desa Sukamaju,Kecamatan Sukajaya,Kabupaten Bogor,Jawa Barat
wilayah-199,Dusun Sawah,05,07,Desa Sukamaju,Kecamatan Sukajaya,Kabupaten Bogor,Jawa Barat
wilayah-200,Dusun Sawah,05,08,Desa Sukamaju,Kecamatan Sukajaya,Kabupaten Bogor,Jawa Barat